{
    "tree": {
        "Test": {
            "GroupTest": {
                "Tag1": [
                    65.79634137
                ],
                "Tag2": [
                    84.79634137
                ]
            }
        }
    },
    "timestamps": [
        1698361700621
    ]
}